0,1
null,null
UIViewController,UIViewController
UIViewController,UIViewController
Splash,Splash
OnboardingFirst,HomeTab
OnboardingLanguageSetting,RCTModalHostViewController
OnboardingKoreanOptions,SFAuthenticationViewController
HomeTab,RCTModalHostViewController
SnackUploaderList,Splash
HomeTab,UIViewController
PathTab,RCTModalHostViewController
SnackPlayer,HomeTab
PathTab,Splash
RCTModalHostViewController,UIViewController
UIViewController,HomeTab
SnackPlayer,MyTab
PathTab,PlusOnlyTab
RCTModalHostViewController,MyTab
UIViewController,MyTabSetting
HomeTab,RCTModalHostViewController
MyTab,UIViewController
PlusOnlyTab,Coupon
Splash,Splash
HomeTab,HomeTab
PathTab,PlusOnlyTab
RCTModalHostViewController,CurriculumDetail
.,SnackPlayer
.,RCTModalHostViewController
.,UIViewController
.,CurriculumDetail
.,PlusOnlyTab
.,SpeakCourse
.,SpeakLecturePlayer
.,SpeakLectureSpeaking
.,RCTModalHostViewController
.,UIViewController
.,SpeakLecturePlayer
.,SpeakCourse
.,SpeakLecturePlayer
.,SpeakLectureSpeaking
.,SpeakLecturePlayer
.,SpeakCourse
.,null
