0,1,2,3
null,null,null,null
UIViewController,UIViewController,UIViewController,UIViewController
UIViewController,UIViewController,UIViewController,UIViewController
Splash,Splash,Splash,Splash
OnboardingFirst,HomeTab,OnboardingFirst,OnboardingFirst
OnboardingLanguageSetting,RCTModalHostViewController,OnboardingLanguageSetting,OnboardingLanguageSetting
OnboardingKoreanOptions,UIViewController,OnboardingKoreanOptions,OnboardingKoreanOptions
HomeTab,PushHistory,HomeTab,HomeTab
MyTab,HomeTab,MyTab,PlusOnlyTab
RCTModalHostViewController,MyTab,RCTModalHostViewController,ReviewTab
RCTAlertController,MyTabSetting,UIViewController,MyTab
UIViewController,GDPRScreen,RCTModalHostViewController,RCTModalHostViewController
UIViewController,RCTModalHostViewController,UIViewController,UIViewController
RCTModalHostViewController,.,MyTabSetting,RCTModalHostViewController
RCTAlertController,.,GDPRScreen,Coupon
UIViewController,.,RCTModalHostViewController,UIViewController
UIViewController,.,.,Splash
RCTModalHostViewController,.,.,HomeTab
RCTAlertController,.,.,Player
UIViewController,.,.,HomeTab
RCTModalHostViewController,.,.,PlusOnlyTab
Coupon,.,.,ReviewTab
UIViewController,.,.,null
MyTab,.,.,.
MyTabSetting,.,.,.
MyTab,.,.,.
HomeTab,.,.,.
ReviewTab,.,.,.
MyTab,.,.,.
MyTabSetting,.,.,.
MyTab,.,.,.
HomeTab,.,.,.
Player,.,.,.
